seq_len,fail_rate
1,0.08752003
2,0.09047369
3,0.09198014
4,0.09351048
5,0.096612595
6,0.09311138
7,0.09195927
8,0.08140703
9,0.07871296
10,0.08989828
