sponsor_name,trials_in_history,prob_calibrated,label,threshold_used
ACME Bio,3,0.2255713790655136,1,0.1807909607887268
Helios Therapeutics,4,0.1807909607887268,1,0.1807909607887268
