model,acc,f1,auc,prauc,thr,acc_thr,f1_thr
Combined-9+4 (iso),0.8119548612822155,0.0036553524804177544,0.6651552927026543,0.30791673253093266,0.17899928987026215,0.6142019415562017,0.38086200079082644
GRU-9ch (iso),0.8115606366727443,0.03189873417721519,0.6596297946098296,0.3036381589834939,0.1880311667919159,0.616616567289213,0.3790901835594573
Transformer-9ch (iso),0.8122012516631351,0.022068257634077496,0.6594273174639346,0.306250099434428,0.19155541062355042,0.6133642142610752,0.3727214582667093
Baseline-7F+trends (iso),0.8122012516631351,0.03494555583692074,0.6539795355421425,0.300921967288793,0.21147947128520558,0.683092692061302,0.3735021919142718
Baseline-3F+trends (iso),0.8126447543487902,0.024628014366341714,0.6462519652895231,0.2961141701604993,0.17772511848341235,0.6580101512836939,0.3717182690566721
