model,acc,f1,auc,prauc
Combined-9+4,0.5349135169762973,0.3720558882235529,0.6654931469175824,0.31408261020492406
GRU-9ch,0.5459518060414922,0.3715727731550948,0.6600088885733483,0.3093712394581016
Transformer-9ch,0.4391662149509683,0.35704197502965934,0.6593329813402304,0.31135586737826715
Baseline-7F+trends,0.6481545360469128,0.37192118226600984,0.6541380215023063,0.3075141917310426
Baseline-3F+trends,0.6567289213029124,0.37243243243243246,0.646630104997386,0.3026834080422884
