model,val_auc,val_prauc,val_best_thr,val_best_f1
Combined-9+4 (iso),0.6661507562985008,0.30794665414986955,0.16797488927841187,0.38095238095238093
Transformer-9ch (iso),0.6568084502900875,0.303864623975088,0.20000000298023224,0.3757195185766614
GRU-9ch (iso),0.654836337839074,0.29998107292980725,0.18666666746139526,0.37717697793995686
Baseline-7F+trends (iso),0.6539795355421425,0.300921967288793,0.21147947128520558,0.3735021919142718
Baseline-3F+trends (iso),0.6462519652895231,0.2961141701604993,0.17772511848341235,0.3717182690566721
