model,val_auc,val_prauc,val_best_thr,val_best_f1
Combined-9+4 (iso),0.6659918011626397,0.31078230465379214,0.18340611457824707,0.38313429198147697
Transformer-9ch (iso),0.6597658635142132,0.3070668611095483,0.203023761510849,0.3749231714812538
GRU-9ch (iso),0.6591742170555005,0.30385900186458975,0.19355550408363342,0.37679237463738086
Baseline-7F+trends (iso),0.6539795355421425,0.300921967288793,0.21147947128520558,0.3735021919142718
Baseline-3F+trends (iso),0.6462519652895231,0.2961141701604993,0.17772511848341235,0.3717182690566721
