model,val_auc,val_prauc,val_best_thr,val_best_f1
Combined-9+4,0.6659565732246805,0.3152196208397685,0.5362874269485474,0.3836808405844689
Transformer-9ch,0.6598091151518113,0.31388714684887137,0.5836248993873596,0.37648347635566914
GRU-9ch,0.6594699806438782,0.30929564552179634,0.564887285232544,0.3789567543468569
Baseline-7F+trends,0.6541380215023063,0.3075141917310426,0.48476255481054903,0.3739339239877453
Baseline-3F+trends,0.646630104997386,0.3026834080422884,0.48161546009171124,0.3746648793565684
