model,val_auc,val_prauc,val_best_thr,val_best_f1
Combined-9+4,0.6662110334474243,0.31343045313637896,0.5610321760177612,0.38267484281611425
Transformer-9ch,0.6570874348831844,0.3107032070401496,0.5618513226509094,0.37766941314948715
GRU-9ch,0.6549684068218338,0.3066020847158492,0.5749056339263916,0.3777682770414707
Baseline-7F+trends,0.6541380215023063,0.3075141917310426,0.48476255481054903,0.3739339239877453
Baseline-3F+trends,0.646630104997386,0.3026834080422884,0.48161546009171124,0.3746648793565684
