{
  "threshold": 0.17693522572517395,
  "best_f1": 0.37642140468227425
}